{
  "bowl": {
    "x": 76.58333333333334,
    "y": 63.72360844529751,
    "w": 3.5833333333333335,
    "h": 3.742802303262956
  },
  "clock": {
    "x": 58.75,
    "y": 55.470249520153544,
    "w": 4.75,
    "h": 5.566218809980806
  },
  "flower": {
    "x": 16.833333333333332,
    "y": 49.23224568138196,
    "w": 4.75,
    "h": 7.005758157389636
  },
  "lamp": {
    "x": 49.833333333333336,
    "y": 37.715930902111324,
    "w": 4,
    "h": 7.293666026871401
  },
  "note": {
    "x": 33.416666666666664,
    "y": 63.72360844529751,
    "w": 6.583333333333333,
    "h": 6.813819577735125
  },
  "painting": {
    "x": 61.916666666666664,
    "y": 41.45873320537428,
    "w": 3.75,
    "h": 4.894433781190019
  },
  "sofa": {
    "x": 51.083333333333336,
    "y": 65.93090211132437,
    "w": 4.083333333333333,
    "h": 4.5105566218809985
  },
  "potion": {
    "x": 82.5,
    "y": 44.81765834932821,
    "w": 2.9166666666666665,
    "h": 3.8387715930902107
  }
}